Country,ISO2,ISO3,Admin_1,Admin_2,ESPEN_IU_ID,Community,Community_ID,Year_pop,TotalPop,AdjPop,PreSAC,SAC,Adults,WRA1549,WRA1524,PercPreSAC,PercSAC,PercAdults,PercWRA1549,PercWRA1524,PGR,PGR_WB21,Urbanization,TransRiskLevel,YearSurvey,PC_YearStarted,N_PC,N_EffPC
South Africa,ZA,ZAF,Eastern Cape,Alfred Nzo,43267,Matatiele,ZAF-43267-001,2023,242306,247682,14465,46787,176672,65512,19195,5.84,18.89,71.33,26.45,7.75,0.86,0,0,0,0,0,0,0
South Africa,ZA,ZAF,Eastern Cape,Alfred Nzo,43267,Mbizana,ZAF-43267-002,2023,335097,342532,20004,64704,244328,90600,26546,5.84,18.89,71.33,26.45,7.75,0.86,0,0,0,0,0,0,0
South Africa,ZA,ZAF,Eastern Cape,Alfred Nzo,43267,Ntabankulu,ZAF-43267-003,2023,147185,150451,8786,28420,107317,39794,11660,5.84,18.89,71.33,26.45,7.75,0.86,0,0,0,0,0,0,0
South Africa,ZA,ZAF,Eastern Cape,Alfred Nzo,43267,Umzimvubu,ZAF-43267-004,2023,227961,233019,13608,44017,166212,61634,18059,5.84,18.89,71.33,26.45,7.75,0.86,0,0,0,0,0,0,0
South Africa,ZA,ZAF,Eastern Cape,Amathole,43268,Amahlathi,ZAF-43268-001,2023,120099,123145,7192,23262,87839,32572,9544,5.84,18.89,71.33,26.45,7.75,0.86,0,0,0,0,0,0,0
South Africa,ZA,ZAF,Eastern Cape,Amathole,43268,Great Kei,ZAF-43268-002,2023,36650,37579,2195,7099,26805,9940,2912,5.84,18.89,71.33,26.45,7.75,0.86,0,0,0,0,0,0,0
South Africa,ZA,ZAF,Eastern Cape,Amathole,43268,Mbhashe,ZAF-43268-003,2023,311166,319057,18633,60270,227583,84391,24727,5.84,18.89,71.33,26.45,7.75,0.86,0,0,0,0,0,0,0
South Africa,ZA,ZAF,Eastern Cape,Amathole,43268,Mnquma,ZAF-43268-004,2023,291854,299255,17476,56529,213459,79153,23192,5.84,18.89,71.33,26.45,7.75,0.86,0,0,0,0,0,0,0
South Africa,ZA,ZAF,Eastern Cape,Amathole,43268,Ngqushwa,ZAF-43268-005,2023,77559,79526,4644,15022,56726,21035,6163,5.84,18.89,71.33,26.45,7.75,0.86,0,0,0,0,0,0,0
South Africa,ZA,ZAF,Eastern Cape,Amathole,43268,Raymond Mhlaba,ZAF-43268-006,2023,179942,184505,10775,34853,131607,48802,14299,5.84,18.89,71.33,26.45,7.75,0.86,0,0,0,0,0,0,0
South Africa,ZA,ZAF,Eastern Cape,Buffalo City,43269,Buffalo City,ZAF-43269-001,2023,928396,887022,51802,167558,632713,234617,68744,5.84,18.89,71.33,26.45,7.75,0.86,0,0,0,0,0,0,0
South Africa,ZA,ZAF,Eastern Cape,Chris Hani,43270,Emalahleni,ZAF-43270-001,2023,143543,140646,8214,26568,100323,37201,10900,5.84,18.89,71.33,26.45,7.75,0.86,0,0,0,0,0,0,0
South Africa,ZA,ZAF,Eastern Cape,Chris Hani,43270,Engcobo,ZAF-43270-002,2023,184856,181125,10578,34215,129196,47908,14037,5.84,18.89,71.33,26.45,7.75,0.86,0,0,0,0,0,0,0
South Africa,ZA,ZAF,Eastern Cape,Chris Hani,43270,Enoch Mgijima,ZAF-43270-003,2023,298094,292078,17057,55174,208339,77255,22636,5.84,18.89,71.33,26.45,7.75,0.86,0,0,0,0,0,0,0
South Africa,ZA,ZAF,Eastern Cape,Chris Hani,43270,Intsika Yethu,ZAF-43270-004,2023,180190,176553,10311,33351,125935,46698,13683,5.84,18.89,71.33,26.45,7.75,0.86,0,0,0,0,0,0,0
South Africa,ZA,ZAF,Eastern Cape,Chris Hani,43270,Inxuba Yethemba,ZAF-43270-005,2023,77930,76357,4459,14424,54465,20196,5918,5.84,18.89,71.33,26.45,7.75,0.86,0,0,0,0,0,0,0
South Africa,ZA,ZAF,Eastern Cape,Chris Hani,43270,Sakhisizwe,ZAF-43270-006,2023,74036,72542,4236,13703,51744,19187,5622,5.84,18.89,71.33,26.45,7.75,0.86,0,0,0,0,0,0,0
South Africa,ZA,ZAF,Eastern Cape,Joe Gqabi,43271,Elundini,ZAF-43271-001,2023,162896,163360,9540,30859,116525,43209,12660,5.84,18.89,71.33,26.45,7.75,0.86,0,0,0,0,0,0,0
South Africa,ZA,ZAF,Eastern Cape,Joe Gqabi,43271,Senqu,ZAF-43271-002,2023,159462,159916,9339,30208,114068,42298,12393,5.84,18.89,71.33,26.45,7.75,0.86,0,0,0,0,0,0,0
South Africa,ZA,ZAF,Eastern Cape,Joe Gqabi,43271,Walter Sisulu,ZAF-43271-003,2023,92096,92358,5394,17446,65879,24429,7158,5.84,18.89,71.33,26.45,7.75,0.86,0,0,0,0,0,0,0
South Africa,ZA,ZAF,Eastern Cape,Nelson Mandela Bay,43272,Nelson Mandela Bay,ZAF-43272-001,2023,1369503,1392680,81333,263077,993399,368364,107933,5.84,18.89,71.33,26.45,7.75,0.86,0,0,0,0,0,0,0
South Africa,ZA,ZAF,Eastern Cape,O.R.Tambo,43273,King Sabata Dalindyebo,ZAF-43273-001,2023,535250,527600,30812,99664,376337,139550,40889,5.84,18.89,71.33,26.45,7.75,0.86,0,0,0,0,0,0,0
South Africa,ZA,ZAF,Eastern Cape,O.R.Tambo,43273,Mhlontlo,ZAF-43273-002,2023,226743,223502,13053,42220,159424,59116,17321,5.84,18.89,71.33,26.45,7.75,0.86,0,0,0,0,0,0,0
South Africa,ZA,ZAF,Eastern Cape,O.R.Tambo,43273,Ngquza Hill,ZAF-43273-003,2023,331027,326296,19056,61637,232747,86305,25288,5.84,18.89,71.33,26.45,7.75,0.86,0,0,0,0,0,0,0
South Africa,ZA,ZAF,Eastern Cape,O.R.Tambo,43273,Nyandeni,ZAF-43273-004,2023,345182,340249,19871,64273,242700,89996,26369,5.84,18.89,71.33,26.45,7.75,0.86,0,0,0,0,0,0,0
South Africa,ZA,ZAF,Eastern Cape,O.R.Tambo,43273,Port St Johns,ZAF-43273-005,2023,185596,182943,10684,34558,130493,48388,14178,5.84,18.89,71.33,26.45,7.75,0.86,0,0,0,0,0,0,0
South Africa,ZA,ZAF,Eastern Cape,Sarah Baartman,43274,Blue Crane Route,ZAF-43274-001,2023,42795,43468,2539,8211,31006,11497,3369,5.84,18.89,71.33,26.45,7.75,0.86,0,0,0,0,0,0,0
South Africa,ZA,ZAF,Eastern Cape,Sarah Baartman,43274,Dr Beyers Naude,ZAF-43274-002,2023,94253,95736,5591,18085,68288,25322,7420,5.84,18.89,71.33,26.45,7.75,0.86,0,0,0,0,0,0,0
South Africa,ZA,ZAF,Eastern Cape,Sarah Baartman,43274,Kouga,ZAF-43274-003,2023,117154,118997,6949,22479,84881,31475,9222,5.84,18.89,71.33,26.45,7.75,0.86,0,0,0,0,0,0,0
South Africa,ZA,ZAF,Eastern Cape,Sarah Baartman,43274,Kou-Kamma,ZAF-43274-004,2023,48336,49097,2867,9274,35021,12986,3805,5.84,18.89,71.33,26.45,7.75,0.86,0,0,0,0,0,0,0
South Africa,ZA,ZAF,Eastern Cape,Sarah Baartman,43274,Makana,ZAF-43274-005,2023,95558,97062,5668,18335,69234,25673,7522,5.84,18.89,71.33,26.45,7.75,0.86,0,0,0,0,0,0,0
South Africa,ZA,ZAF,Eastern Cape,Sarah Baartman,43274,Ndlambe,ZAF-43274-006,2023,72719,73863,4314,13953,52686,19537,5724,5.84,18.89,71.33,26.45,7.75,0.86,0,0,0,0,0,0,0
South Africa,ZA,ZAF,Eastern Cape,Sarah Baartman,43274,Sundays River Valley,ZAF-43274-007,2023,64788,65807,3843,12431,46940,17406,5100,5.84,18.89,71.33,26.45,7.75,0.86,0,0,0,0,0,0,0
South Africa,ZA,ZAF,Free State,Fezile Dabi,43275,Mafube,ZAF-43275-001,2023,68796,71860,4197,13574,51258,19007,5569,5.84,18.89,71.33,26.45,7.75,0.86,0,0,0,0,0,0,0
South Africa,ZA,ZAF,Free State,Fezile Dabi,43275,Metsimaholo,ZAF-43275-002,2023,177243,185137,10812,34972,132058,48969,14348,5.84,18.89,71.33,26.45,7.75,0.86,0,0,0,0,0,0,0
South Africa,ZA,ZAF,Free State,Fezile Dabi,43275,Moqhaka,ZAF-43275-003,2023,190822,199321,11640,37652,142176,52720,15447,5.84,18.89,71.33,26.45,7.75,0.86,0,0,0,0,0,0,0
South Africa,ZA,ZAF,Free State,Fezile Dabi,43275,Ngwathe,ZAF-43275-004,2023,143261,149641,8739,28267,106739,39580,11597,5.84,18.89,71.33,26.45,7.75,0.86,0,0,0,0,0,0,0
South Africa,ZA,ZAF,Free State,Lejweleputswa,43276,Masilonyana,ZAF-43276-001,2023,71196,66564,3887,12574,47480,17606,5159,5.84,18.89,71.33,26.45,7.75,0.86,0,0,0,0,0,0,0
South Africa,ZA,ZAF,Free State,Lejweleputswa,43276,Matjhabeng,ZAF-43276-002,2023,483819,452339,26417,85447,322653,119644,35056,5.84,18.89,71.33,26.45,7.75,0.86,0,0,0,0,0,0,0
South Africa,ZA,ZAF,Free State,Lejweleputswa,43276,Nala,ZAF-43276-003,2023,96545,90263,5271,17051,64385,23875,6995,5.84,18.89,71.33,26.45,7.75,0.86,0,0,0,0,0,0,0
South Africa,ZA,ZAF,Free State,Lejweleputswa,43276,Tokologo,ZAF-43276-004,2023,34456,32214,1881,6085,22978,8521,2497,5.84,18.89,71.33,26.45,7.75,0.86,0,0,0,0,0,0,0
South Africa,ZA,ZAF,Free State,Lejweleputswa,43276,Tswelopele,ZAF-43276-005,2023,56611,52928,3091,9998,37754,13999,4102,5.84,18.89,71.33,26.45,7.75,0.86,0,0,0,0,0,0,0
South Africa,ZA,ZAF,Free State,Mangaung,43277,Mangaung,ZAF-43277-001,2023,921450,926526,54109,175021,660891,245066,71806,5.84,18.89,71.33,26.45,7.75,0.86,0,0,0,0,0,0,0
South Africa,ZA,ZAF,Free State,Thabo Mofutsanyane,43278,Dihlabeng,ZAF-43278-001,2023,152988,145513,8498,27487,103794,38488,11277,5.84,18.89,71.33,26.45,7.75,0.86,0,0,0,0,0,0,0
South Africa,ZA,ZAF,Free State,Thabo Mofutsanyane,43278,Maluti a Phofung,ZAF-43278-002,2023,399142,379640,22171,71714,270797,100415,29422,5.84,18.89,71.33,26.45,7.75,0.86,0,0,0,0,0,0,0
South Africa,ZA,ZAF,Free State,Thabo Mofutsanyane,43278,Mantsopa,ZAF-43278-003,2023,60690,57725,3371,10904,41175,15268,4474,5.84,18.89,71.33,26.45,7.75,0.86,0,0,0,0,0,0,0
South Africa,ZA,ZAF,Free State,Thabo Mofutsanyane,43278,Nketoana,ZAF-43278-004,2023,71706,68202,3983,12883,48648,18039,5286,5.84,18.89,71.33,26.45,7.75,0.86,0,0,0,0,0,0,0
South Africa,ZA,ZAF,Free State,Thabo Mofutsanyane,43278,Phumelela,ZAF-43278-005,2023,56786,54011,3154,10203,38526,14286,4186,5.84,18.89,71.33,26.45,7.75,0.86,0,0,0,0,0,0,0
South Africa,ZA,ZAF,Free State,Thabo Mofutsanyane,43278,Setsoto,ZAF-43278-006,2023,133178,126671,7398,23928,90354,33504,9817,5.84,18.89,71.33,26.45,7.75,0.86,0,0,0,0,0,0,0
South Africa,ZA,ZAF,Free State,Xhariep,43279,Kopanong,ZAF-43279-001,2023,58449,64475,3765,12179,45990,17054,4997,5.84,18.89,71.33,26.45,7.75,0.86,0,0,0,0,0,0,0
South Africa,ZA,ZAF,Free State,Xhariep,43279,Letsemeng,ZAF-43279-002,2023,45916,50650,2958,9568,36129,13397,3925,5.84,18.89,71.33,26.45,7.75,0.86,0,0,0,0,0,0,0
South Africa,ZA,ZAF,Free State,Xhariep,43279,Mohokare,ZAF-43279-003,2023,40589,44774,2615,8458,31937,11843,3470,5.84,18.89,71.33,26.45,7.75,0.86,0,0,0,0,0,0,0
South Africa,ZA,ZAF,Gauteng,City of Johannesburg,43281,City of Johannesburg,ZAF-43281-001,2023,5271616,5689388,332260,1074725,4058240,1504843,440928,5.84,18.89,71.33,26.45,7.75,0.86,0,0,0,0,0,0,0
South Africa,ZA,ZAF,Gauteng,City of Tshwane,43283,City of Tshwane,ZAF-43283-001,2023,3472731,3778258,220650,713713,2695031,999349,292815,5.84,18.89,71.33,26.45,7.75,0.86,0,0,0,0,0,0,0
South Africa,ZA,ZAF,Gauteng,Ekurhuleni,43280,Ekurhuleni,ZAF-43280-001,2023,3778203,3889031,227119,734638,2774046,1028649,301400,5.84,18.89,71.33,26.45,7.75,0.86,0,0,0,0,0,0,0
South Africa,ZA,ZAF,Gauteng,Sedibeng,43282,Emfuleni,ZAF-43282-001,2023,857830,851971,49755,160937,607711,225346,66028,5.84,18.89,71.33,26.45,7.75,0.86,0,0,0,0,0,0,0
South Africa,ZA,ZAF,Gauteng,Sedibeng,43282,Lesedi,ZAF-43282-002,2023,118298,117490,6861,22194,83806,31076,9105,5.84,18.89,71.33,26.45,7.75,0.86,0,0,0,0,0,0,0
South Africa,ZA,ZAF,Gauteng,Sedibeng,43282,Midvaal,ZAF-43282-003,2023,113283,112509,6571,21253,80253,29759,8719,5.84,18.89,71.33,26.45,7.75,0.86,0,0,0,0,0,0,0
South Africa,ZA,ZAF,Gauteng,West Rand,43284,Merafong City,ZAF-43284-001,2023,234789,244400,14273,46167,174331,64644,18941,5.84,18.89,71.33,26.45,7.75,0.86,0,0,0,0,0,0,0
South Africa,ZA,ZAF,Gauteng,West Rand,43284,Mogale City,ZAF-43284-002,2023,430806,448441,26189,84711,319873,118613,34754,5.84,18.89,71.33,26.45,7.75,0.86,0,0,0,0,0,0,0
South Africa,ZA,ZAF,Gauteng,West Rand,43284,Rand West City,ZAF-43284-003,2023,310311,323013,18864,61017,230405,85437,25034,5.84,18.89,71.33,26.45,7.75,0.86,0,0,0,0,0,0,0
South Africa,ZA,ZAF,KwaZulu-Natal,Amajuba,43285,Dannhauser,ZAF-43285-001,2023,122360,125180,7311,23647,89291,33110,9701,5.84,18.89,71.33,26.45,7.75,0.86,0,0,0,0,0,0,0
South Africa,ZA,ZAF,KwaZulu-Natal,Amajuba,43285,Emadlangeni,ZAF-43285-002,2023,40940,41883,2446,7912,29875,11078,3246,5.84,18.89,71.33,26.45,7.75,0.86,0,0,0,0,0,0,0
South Africa,ZA,ZAF,KwaZulu-Natal,Amajuba,43285,Newcastle,ZAF-43285-003,2023,431773,441724,25797,83442,315082,116836,34234,5.84,18.89,71.33,26.45,7.75,0.86,0,0,0,0,0,0,0
South Africa,ZA,ZAF,KwaZulu-Natal,eThekwini,43293,eThekwini,ZAF-43293-001,2023,4132688,4100870,239491,774654,2925151,1084680,317817,5.84,18.89,71.33,26.45,7.75,0.86,0,0,0,0,0,0,0
South Africa,ZA,ZAF,KwaZulu-Natal,iLembe,43294,KwaDukuza,ZAF-43294-001,2023,274809,289104,16884,54612,206218,76468,22406,5.84,18.89,71.33,26.45,7.75,0.86,0,0,0,0,0,0,0
South Africa,ZA,ZAF,KwaZulu-Natal,iLembe,43294,Mandeni,ZAF-43294-002,2023,164131,172669,10084,32617,123165,45671,13382,5.84,18.89,71.33,26.45,7.75,0.86,0,0,0,0,0,0,0
South Africa,ZA,ZAF,KwaZulu-Natal,iLembe,43294,Maphumulo,ZAF-43294-003,2023,114974,120955,7064,22848,86277,31993,9374,5.84,18.89,71.33,26.45,7.75,0.86,0,0,0,0,0,0,0
South Africa,ZA,ZAF,KwaZulu-Natal,iLembe,43294,Ndwedwe,ZAF-43294-004,2023,167391,176098,10284,33265,125611,46578,13648,5.84,18.89,71.33,26.45,7.75,0.86,0,0,0,0,0,0,0
South Africa,ZA,ZAF,KwaZulu-Natal,Harry Gwala,43286,Dr Nkosazana Dlamini Zuma,ZAF-43286-001,2023,130855,133174,7777,25157,94993,35225,10321,5.84,18.89,71.33,26.45,7.75,0.86,0,0,0,0,0,0,0
South Africa,ZA,ZAF,KwaZulu-Natal,Harry Gwala,43286,Greater Kokstad,ZAF-43286-002,2023,78430,79820,4661,15078,56936,21112,6186,5.84,18.89,71.33,26.45,7.75,0.86,0,0,0,0,0,0,0
South Africa,ZA,ZAF,KwaZulu-Natal,Harry Gwala,43286,Ubuhlebezwe,ZAF-43286-003,2023,131855,134191,7837,25349,95718,35494,10400,5.84,18.89,71.33,26.45,7.75,0.86,0,0,0,0,0,0,0
South Africa,ZA,ZAF,KwaZulu-Natal,Harry Gwala,43286,Umzimkhulu,ZAF-43286-004,2023,214323,218120,12738,41203,155585,57693,16904,5.84,18.89,71.33,26.45,7.75,0.86,0,0,0,0,0,0,0
South Africa,ZA,ZAF,KwaZulu-Natal,Ugu,43287,Ray Nkonyeni,ZAF-43287-001,2023,366917,391471,22862,73949,279236,103544,30339,5.84,18.89,71.33,26.45,7.75,0.86,0,0,0,0,0,0,0
South Africa,ZA,ZAF,KwaZulu-Natal,Ugu,43287,Umdoni,ZAF-43287-002,2023,155021,165395,9659,31243,117976,43747,12818,5.84,18.89,71.33,26.45,7.75,0.86,0,0,0,0,0,0,0
South Africa,ZA,ZAF,KwaZulu-Natal,Ugu,43287,uMuziwabantu,ZAF-43287-003,2023,114774,122455,7151,23132,87347,32389,9490,5.84,18.89,71.33,26.45,7.75,0.86,0,0,0,0,0,0,0
South Africa,ZA,ZAF,KwaZulu-Natal,Ugu,43287,Umzumbe,ZAF-43287-004,2023,182353,194556,11362,36752,138777,51460,15078,5.84,18.89,71.33,26.45,7.75,0.86,0,0,0,0,0,0,0
South Africa,ZA,ZAF,KwaZulu-Natal,Umgungundlovu,43295,Impendle,ZAF-43295-001,2023,36115,38174,2229,7211,27230,10097,2958,5.84,18.89,71.33,26.45,7.75,0.86,0,0,0,0,0,0,0
South Africa,ZA,ZAF,KwaZulu-Natal,Umgungundlovu,43295,Mkhambathini,ZAF-43295-002,2023,65298,69021,4031,13038,49233,18256,5349,5.84,18.89,71.33,26.45,7.75,0.86,0,0,0,0,0,0,0
South Africa,ZA,ZAF,KwaZulu-Natal,Umgungundlovu,43295,Mpofana,ZAF-43295-003,2023,41500,43866,2562,8286,31290,11603,3400,5.84,18.89,71.33,26.45,7.75,0.86,0,0,0,0,0,0,0
South Africa,ZA,ZAF,KwaZulu-Natal,Umgungundlovu,43295,Richmond,ZAF-43295-004,2023,77906,82348,4809,15556,58739,21781,6382,5.84,18.89,71.33,26.45,7.75,0.86,0,0,0,0,0,0,0
South Africa,ZA,ZAF,KwaZulu-Natal,Umgungundlovu,43295,The Msunduzi,ZAF-43295-005,2023,739116,781262,45626,147580,557274,206644,60548,5.84,18.89,71.33,26.45,7.75,0.86,0,0,0,0,0,0,0
South Africa,ZA,ZAF,KwaZulu-Natal,Umgungundlovu,43295,uMngeni,ZAF-43295-006,2023,111568,117930,6887,22277,84119,31192,9140,5.84,18.89,71.33,26.45,7.75,0.86,0,0,0,0,0,0,0
South Africa,ZA,ZAF,KwaZulu-Natal,Umgungundlovu,43295,uMshwathi,ZAF-43295-007,2023,126462,133673,7807,25251,95349,35357,10360,5.84,18.89,71.33,26.45,7.75,0.86,0,0,0,0,0,0,0
South Africa,ZA,ZAF,KwaZulu-Natal,Umkhanyakude,43288,Big Five Hlabisa,ZAF-43288-001,2023,127365,129555,7566,24473,92412,34267,10041,5.84,18.89,71.33,26.45,7.75,0.86,0,0,0,0,0,0,0
South Africa,ZA,ZAF,KwaZulu-Natal,Umkhanyakude,43288,Jozini,ZAF-43288-002,2023,221692,225504,13169,42598,160852,59646,17477,5.84,18.89,71.33,26.45,7.75,0.86,0,0,0,0,0,0,0
South Africa,ZA,ZAF,KwaZulu-Natal,Umkhanyakude,43288,Mtubatuba,ZAF-43288-003,2023,208526,212112,12387,40068,151299,56104,16439,5.84,18.89,71.33,26.45,7.75,0.86,0,0,0,0,0,0,0
South Africa,ZA,ZAF,KwaZulu-Natal,Umkhanyakude,43288,Umhlabuyalingana,ZAF-43288-004,2023,186352,189557,11070,35807,135211,50138,14691,5.84,18.89,71.33,26.45,7.75,0.86,0,0,0,0,0,0,0
South Africa,ZA,ZAF,KwaZulu-Natal,Umzinyathi,43289,Endumeni,ZAF-43289-001,2023,77100,76842,4488,14515,54811,20325,5955,5.84,18.89,71.33,26.45,7.75,0.86,0,0,0,0,0,0,0
South Africa,ZA,ZAF,KwaZulu-Natal,Umzinyathi,43289,Msinga,ZAF-43289-002,2023,201061,200389,11703,37853,142937,53003,15530,5.84,18.89,71.33,26.45,7.75,0.86,0,0,0,0,0,0,0
South Africa,ZA,ZAF,KwaZulu-Natal,Umzinyathi,43289,Nqutu,ZAF-43289-003,2023,196499,195843,11437,36995,139695,51800,15178,5.84,18.89,71.33,26.45,7.75,0.86,0,0,0,0,0,0,0
South Africa,ZA,ZAF,KwaZulu-Natal,Umzinyathi,43289,Umvoti,ZAF-43289-004,2023,136361,135906,7937,25673,96942,35947,10533,5.84,18.89,71.33,26.45,7.75,0.86,0,0,0,0,0,0,0
South Africa,ZA,ZAF,KwaZulu-Natal,Uthukela,43290,Alfred Duma,ZAF-43290-001,2023,403888,412134,24069,77852,293975,109009,31940,5.84,18.89,71.33,26.45,7.75,0.86,0,0,0,0,0,0,0
South Africa,ZA,ZAF,KwaZulu-Natal,Uthukela,43290,Inkosi Langalibalele,ZAF-43290-002,2023,233252,238014,13900,44961,169775,62955,18446,5.84,18.89,71.33,26.45,7.75,0.86,0,0,0,0,0,0,0
South Africa,ZA,ZAF,KwaZulu-Natal,Uthukela,43290,Okhahlamba,ZAF-43290-003,2023,156988,160193,9355,30260,114266,42371,12415,5.84,18.89,71.33,26.45,7.75,0.86,0,0,0,0,0,0,0
South Africa,ZA,ZAF,KwaZulu-Natal,Uthungulu,43291,Mfolozi,ZAF-43291-001,2023,158287,163784,9565,30939,116827,43321,12693,5.84,18.89,71.33,26.45,7.75,0.86,0,0,0,0,0,0,0
South Africa,ZA,ZAF,KwaZulu-Natal,Uthungulu,43291,Mthonjaneni,ZAF-43291-002,2023,99330,102780,6002,19415,73313,27185,7965,5.84,18.89,71.33,26.45,7.75,0.86,0,0,0,0,0,0,0
South Africa,ZA,ZAF,KwaZulu-Natal,Uthungulu,43291,Nkandla,ZAF-43291-003,2023,136005,140729,8219,26584,100382,37223,10906,5.84,18.89,71.33,26.45,7.75,0.86,0,0,0,0,0,0,0
South Africa,ZA,ZAF,KwaZulu-Natal,Uthungulu,43291,uMhlathuze,ZAF-43291-004,2023,431229,446206,26058,84288,318279,118021,34581,5.84,18.89,71.33,26.45,7.75,0.86,0,0,0,0,0,0,0
South Africa,ZA,ZAF,KwaZulu-Natal,Uthungulu,43291,uMlalazi,ZAF-43291-005,2023,253905,262723,15343,49628,187400,69490,20361,5.84,18.89,71.33,26.45,7.75,0.86,0,0,0,0,0,0,0
South Africa,ZA,ZAF,KwaZulu-Natal,Zululand,43292,Abaqulusi,ZAF-43292-001,2023,255227,262853,15351,49653,187493,69525,20371,5.84,18.89,71.33,26.45,7.75,0.86,0,0,0,0,0,0,0
South Africa,ZA,ZAF,KwaZulu-Natal,Zululand,43292,eDumbe,ZAF-43292-002,2023,97535,100449,5866,18975,71650,26569,7785,5.84,18.89,71.33,26.45,7.75,0.86,0,0,0,0,0,0,0
South Africa,ZA,ZAF,KwaZulu-Natal,Zululand,43292,Nongoma,ZAF-43292-003,2023,231685,238607,13935,45073,170198,63112,18492,5.84,18.89,71.33,26.45,7.75,0.86,0,0,0,0,0,0,0
South Africa,ZA,ZAF,KwaZulu-Natal,Zululand,43292,Ulundi,ZAF-43292-004,2023,223850,230538,13463,43549,164443,60977,17867,5.84,18.89,71.33,26.45,7.75,0.86,0,0,0,0,0,0,0
South Africa,ZA,ZAF,KwaZulu-Natal,Zululand,43292,uPhongolo,ZAF-43292-005,2023,146902,151291,8835,28579,107916,40016,11725,5.84,18.89,71.33,26.45,7.75,0.86,0,0,0,0,0,0,0
South Africa,ZA,ZAF,Limpopo,Capricorn,43296,Blouberg,ZAF-43296-001,2023,208121,207812,12136,39256,148232,54966,16105,5.84,18.89,71.33,26.45,7.75,0.86,0,0,0,0,0,0,0
South Africa,ZA,ZAF,Limpopo,Capricorn,43296,Lepele-Nkumpi,ZAF-43296-002,2023,274870,274461,16029,51846,195773,72595,21271,5.84,18.89,71.33,26.45,7.75,0.86,0,0,0,0,0,0,0
South Africa,ZA,ZAF,Limpopo,Capricorn,43296,Molemole,ZAF-43296-003,2023,150376,150152,8769,28364,107103,39715,11637,5.84,18.89,71.33,26.45,7.75,0.86,0,0,0,0,0,0,0
South Africa,ZA,ZAF,Limpopo,Capricorn,43296,Polokwane,ZAF-43296-004,2023,866116,864829,50506,163366,616883,228747,67024,5.84,18.89,71.33,26.45,7.75,0.86,0,0,0,0,0,0,0
South Africa,ZA,ZAF,Limpopo,Mopani,43297,Ba-Phalaborwa,ZAF-43297-001,2023,179061,181222,10583,34233,129266,47933,14045,5.84,18.89,71.33,26.45,7.75,0.86,0,0,0,0,0,0,0
South Africa,ZA,ZAF,Limpopo,Mopani,43297,Greater Giyani,ZAF-43297-002,2023,290297,293801,17158,55499,209568,77710,22770,5.84,18.89,71.33,26.45,7.75,0.86,0,0,0,0,0,0,0
South Africa,ZA,ZAF,Limpopo,Mopani,43297,Greater Letaba,ZAF-43297-003,2023,252835,255886,14944,48337,182523,67682,19831,5.84,18.89,71.33,26.45,7.75,0.86,0,0,0,0,0,0,0
South Africa,ZA,ZAF,Limpopo,Mopani,43297,Greater Tzaneen,ZAF-43297-004,2023,463139,468728,27374,88543,334344,123979,36326,5.84,18.89,71.33,26.45,7.75,0.86,0,0,0,0,0,0,0
South Africa,ZA,ZAF,Limpopo,Mopani,43297,Maruleng,ZAF-43297-005,2023,113315,114683,6697,21664,81803,30334,8888,5.84,18.89,71.33,26.45,7.75,0.86,0,0,0,0,0,0,0
South Africa,ZA,ZAF,Limpopo,Sekhukhune,43298,Elias Motsoaledi,ZAF-43298-001,2023,296415,307061,17932,58004,219027,81218,23797,5.84,18.89,71.33,26.45,7.75,0.86,0,0,0,0,0,0,0
South Africa,ZA,ZAF,Limpopo,Sekhukhune,43298,Ephraim Mogale,ZAF-43298-002,2023,146978,152257,8892,28761,108605,40272,11800,5.84,18.89,71.33,26.45,7.75,0.86,0,0,0,0,0,0,0
South Africa,ZA,ZAF,Limpopo,Sekhukhune,43298,Greater Tubatse/Fetakgomo,ZAF-43298-003,2023,509884,528197,30847,99776,376763,139708,40935,5.84,18.89,71.33,26.45,7.75,0.86,0,0,0,0,0,0,0
South Africa,ZA,ZAF,Limpopo,Sekhukhune,43298,Makhuduthamaga,ZAF-43298-004,2023,326746,338482,19767,63939,241439,89528,26232,5.84,18.89,71.33,26.45,7.75,0.86,0,0,0,0,0,0,0
South Africa,ZA,ZAF,Limpopo,Vhembe,43299,Makhado,ZAF-43299-001,2023,477192,493789,28837,93277,352220,130607,38269,5.84,18.89,71.33,26.45,7.75,0.86,0,0,0,0,0,0,0
South Africa,ZA,ZAF,Limpopo,Vhembe,43299,Musina,ZAF-43299-002,2023,124402,128729,7518,24317,91822,34049,9976,5.84,18.89,71.33,26.45,7.75,0.86,0,0,0,0,0,0,0
South Africa,ZA,ZAF,Limpopo,Vhembe,43299,New,ZAF-43299-003,2023,390645,404232,23607,76359,288339,106919,31328,5.84,18.89,71.33,26.45,7.75,0.86,0,0,0,0,0,0,0
South Africa,ZA,ZAF,Limpopo,Vhembe,43299,Thulamela,ZAF-43299-004,2023,546780,565797,33043,106879,403583,149653,43849,5.84,18.89,71.33,26.45,7.75,0.86,0,0,0,0,0,0,0
South Africa,ZA,ZAF,Limpopo,Waterberg,43300,Bela-Bela,ZAF-43300-001,2023,79047,83783,4893,15827,59762,22161,6493,5.84,18.89,71.33,26.45,7.75,0.86,0,0,0,0,0,0,0
South Africa,ZA,ZAF,Limpopo,Waterberg,43300,Lephalale,ZAF-43300-002,2023,141292,149757,8746,28289,106822,39611,11606,5.84,18.89,71.33,26.45,7.75,0.86,0,0,0,0,0,0,0
South Africa,ZA,ZAF,Limpopo,Waterberg,43300,Modimolle/Mookgophong,ZAF-43300-003,2023,123805,131222,7663,24788,93601,34708,10170,5.84,18.89,71.33,26.45,7.75,0.86,0,0,0,0,0,0,0
South Africa,ZA,ZAF,Limpopo,Waterberg,43300,Mogalakwena,ZAF-43300-004,2023,362056,383748,22411,72490,273727,101501,29740,5.84,18.89,71.33,26.45,7.75,0.86,0,0,0,0,0,0,0
South Africa,ZA,ZAF,Limpopo,Waterberg,43300,Thabazimbi,ZAF-43300-005,2023,101317,107387,6271,20285,76599,28404,8322,5.84,18.89,71.33,26.45,7.75,0.86,0,0,0,0,0,0,0
South Africa,ZA,ZAF,Mpumalanga,Ehlanzeni,43301,Bushbuckridge,ZAF-43301-001,2023,640218,650748,38004,122926,464179,172123,50433,5.84,18.89,71.33,26.45,7.75,0.86,0,0,0,0,0,0,0
South Africa,ZA,ZAF,Mpumalanga,Ehlanzeni,43301,City of Mbombela,ZAF-43301-002,2023,782873,795750,46472,150317,567608,210476,61671,5.84,18.89,71.33,26.45,7.75,0.86,0,0,0,0,0,0,0
South Africa,ZA,ZAF,Mpumalanga,Ehlanzeni,43301,Nkomazi,ZAF-43301-003,2023,467189,474873,27733,89704,338727,125604,36803,5.84,18.89,71.33,26.45,7.75,0.86,0,0,0,0,0,0,0
South Africa,ZA,ZAF,Mpumalanga,Ehlanzeni,43301,Thaba Chweu,ZAF-43301-004,2023,116951,118875,6942,22455,84794,31442,9213,5.84,18.89,71.33,26.45,7.75,0.86,0,0,0,0,0,0,0
South Africa,ZA,ZAF,Mpumalanga,Gert Sibande,43302,Chief Albert Luthuli,ZAF-43302-001,2023,221107,223612,13059,42240,159502,59145,17330,5.84,18.89,71.33,26.45,7.75,0.86,0,0,0,0,0,0,0
South Africa,ZA,ZAF,Mpumalanga,Gert Sibande,43302,Dipaleseng,ZAF-43302-002,2023,50388,50959,2976,9626,36349,13479,3949,5.84,18.89,71.33,26.45,7.75,0.86,0,0,0,0,0,0,0
South Africa,ZA,ZAF,Mpumalanga,Gert Sibande,43302,Dr Pixley Ka Isaka Seme,ZAF-43302-003,2023,98940,100061,5844,18902,71374,26466,7755,5.84,18.89,71.33,26.45,7.75,0.86,0,0,0,0,0,0,0
South Africa,ZA,ZAF,Mpumalanga,Gert Sibande,43302,Govan Mbeki,ZAF-43302-004,2023,350113,354079,20678,66886,252565,93654,27441,5.84,18.89,71.33,26.45,7.75,0.86,0,0,0,0,0,0,0
South Africa,ZA,ZAF,Mpumalanga,Gert Sibande,43302,Lekwa,ZAF-43302-005,2023,137485,139042,8120,26265,99179,36777,10776,5.84,18.89,71.33,26.45,7.75,0.86,0,0,0,0,0,0,0
South Africa,ZA,ZAF,Mpumalanga,Gert Sibande,43302,Mkhondo,ZAF-43302-006,2023,204433,206749,12074,39055,147474,54685,16023,5.84,18.89,71.33,26.45,7.75,0.86,0,0,0,0,0,0,0
South Africa,ZA,ZAF,Mpumalanga,Gert Sibande,43302,Msukaligwa,ZAF-43302-007,2023,177563,179574,10487,33922,128090,47497,13917,5.84,18.89,71.33,26.45,7.75,0.86,0,0,0,0,0,0,0
South Africa,ZA,ZAF,Mpumalanga,Nkangala,43303,Dr JS Moroka,ZAF-43303-001,2023,296821,312953,18276,59117,223229,82776,24254,5.84,18.89,71.33,26.45,7.75,0.86,0,0,0,0,0,0,0
South Africa,ZA,ZAF,Mpumalanga,Nkangala,43303,Emakhazeni,ZAF-43303-002,2023,56124,59174,3456,11178,42209,15652,4586,5.84,18.89,71.33,26.45,7.75,0.86,0,0,0,0,0,0,0
South Africa,ZA,ZAF,Mpumalanga,Nkangala,43303,Emalahleni,ZAF-43303-003,2023,470085,495634,28945,93625,353536,131095,38412,5.84,18.89,71.33,26.45,7.75,0.86,0,0,0,0,0,0,0
South Africa,ZA,ZAF,Mpumalanga,Nkangala,43303,Steve Tshwete,ZAF-43303-004,2023,273197,288045,16822,54412,205462,76188,22323,5.84,18.89,71.33,26.45,7.75,0.86,0,0,0,0,0,0,0
South Africa,ZA,ZAF,Mpumalanga,Nkangala,43303,Thembisile,ZAF-43303-005,2023,369037,389094,22723,73500,277541,102915,30155,5.84,18.89,71.33,26.45,7.75,0.86,0,0,0,0,0,0,0
South Africa,ZA,ZAF,Mpumalanga,Nkangala,43303,Victor Khanye,ZAF-43303-006,2023,89689,94564,5523,17863,67453,25012,7329,5.84,18.89,71.33,26.45,7.75,0.86,0,0,0,0,0,0,0
South Africa,ZA,ZAF,North West,Bojanala Platinum,43304,Kgetlengrivier,ZAF-43304-001,2023,60681,64357,3758,12157,45906,17022,4988,5.84,18.89,71.33,26.45,7.75,0.86,0,0,0,0,0,0,0
South Africa,ZA,ZAF,North West,Bojanala Platinum,43304,Local Municipality of Madibeng,ZAF-43304-002,2023,565572,599836,35030,113309,427863,158657,46487,5.84,18.89,71.33,26.45,7.75,0.86,0,0,0,0,0,0,0
South Africa,ZA,ZAF,North West,Bojanala Platinum,43304,Moretele,ZAF-43304-003,2023,224106,237683,13881,44898,169539,62867,18420,5.84,18.89,71.33,26.45,7.75,0.86,0,0,0,0,0,0,0
South Africa,ZA,ZAF,North West,Bojanala Platinum,43304,Moses Kotane,ZAF-43304-004,2023,288320,305787,17858,57763,218118,80881,23698,5.84,18.89,71.33,26.45,7.75,0.86,0,0,0,0,0,0,0
South Africa,ZA,ZAF,North West,Bojanala Platinum,43304,Rustenburg,ZAF-43304-005,2023,653272,692849,40462,130879,494209,183259,53696,5.84,18.89,71.33,26.45,7.75,0.86,0,0,0,0,0,0,0
South Africa,ZA,ZAF,North West,Dr Kenneth Kaunda,43305,City of Matlosana,ZAF-43305-001,2023,473900,484031,28267,91433,345259,128026,37512,5.84,18.89,71.33,26.45,7.75,0.86,0,0,0,0,0,0,0
South Africa,ZA,ZAF,North West,Dr Kenneth Kaunda,43305,Maquassi Hills,ZAF-43305-002,2023,92473,94450,5516,17842,67371,24982,7320,5.84,18.89,71.33,26.45,7.75,0.86,0,0,0,0,0,0,0
South Africa,ZA,ZAF,North West,Dr Kenneth Kaunda,43305,Ventersdorp/Tlokwe,ZAF-43305-003,2023,260873,266450,15561,50332,190059,70476,20650,5.84,18.89,71.33,26.45,7.75,0.86,0,0,0,0,0,0,0
South Africa,ZA,ZAF,North West,Dr Ruth Segomotsi Mompati,43307,Greater Taung,ZAF-43307-001,2023,211161,212772,12426,40193,151770,56278,16490,5.84,18.89,71.33,26.45,7.75,0.86,0,0,0,0,0,0,0
South Africa,ZA,ZAF,North West,Dr Ruth Segomotsi Mompati,43307,Kagisano/Molopo,ZAF-43307-002,2023,125750,126709,7400,23935,90382,33515,9820,5.84,18.89,71.33,26.45,7.75,0.86,0,0,0,0,0,0,0
South Africa,ZA,ZAF,North West,Dr Ruth Segomotsi Mompati,43307,Lekwa-Teemane,ZAF-43307-003,2023,63295,63778,3725,12048,45493,16869,4943,5.84,18.89,71.33,26.45,7.75,0.86,0,0,0,0,0,0,0
South Africa,ZA,ZAF,North West,Dr Ruth Segomotsi Mompati,43307,Mamusa,ZAF-43307-004,2023,71743,72290,4222,13656,51564,19121,5602,5.84,18.89,71.33,26.45,7.75,0.86,0,0,0,0,0,0,0
South Africa,ZA,ZAF,North West,Dr Ruth Segomotsi Mompati,43307,Naledi,ZAF-43307-005,2023,79382,79988,4671,15110,57055,21157,6199,5.84,18.89,71.33,26.45,7.75,0.86,0,0,0,0,0,0,0
South Africa,ZA,ZAF,North West,Ngaka Modiri Molema,43306,Ditsobotla,ZAF-43306-001,2023,198453,200566,11713,37887,143064,53050,15544,5.84,18.89,71.33,26.45,7.75,0.86,0,0,0,0,0,0,0
South Africa,ZA,ZAF,North West,Ngaka Modiri Molema,43306,Mafikeng,ZAF-43306-002,2023,346534,350224,20453,66157,249815,92634,27142,5.84,18.89,71.33,26.45,7.75,0.86,0,0,0,0,0,0,0
South Africa,ZA,ZAF,North West,Ngaka Modiri Molema,43306,Ramotshere Moiloa,ZAF-43306-003,2023,181469,183401,10711,34644,130820,48510,14214,5.84,18.89,71.33,26.45,7.75,0.86,0,0,0,0,0,0,0
South Africa,ZA,ZAF,North West,Ngaka Modiri Molema,43306,Ratlou,ZAF-43306-004,2023,127592,128951,7531,24359,91981,34108,9994,5.84,18.89,71.33,26.45,7.75,0.86,0,0,0,0,0,0,0
South Africa,ZA,ZAF,North West,Ngaka Modiri Molema,43306,Tswaing,ZAF-43306-005,2023,147656,149228,8715,28189,106444,39471,11565,5.84,18.89,71.33,26.45,7.75,0.86,0,0,0,0,0,0,0
South Africa,ZA,ZAF,Northern Cape,Frances Baard,43308,Dikgatlong,ZAF-43308-001,2023,55680,54574,3187,10309,38928,14435,4229,5.84,18.89,71.33,26.45,7.75,0.86,0,0,0,0,0,0,0
South Africa,ZA,ZAF,Northern Cape,Frances Baard,43308,Magareng,ZAF-43308-002,2023,28771,28199,1647,5327,20114,7459,2185,5.84,18.89,71.33,26.45,7.75,0.86,0,0,0,0,0,0,0
South Africa,ZA,ZAF,Northern Cape,Frances Baard,43308,Phokwane,ZAF-43308-003,2023,74887,73399,4287,13865,52356,19414,5688,5.84,18.89,71.33,26.45,7.75,0.86,0,0,0,0,0,0,0
South Africa,ZA,ZAF,Northern Cape,Frances Baard,43308,Sol Plaatjie,ZAF-43308-004,2023,294843,288984,16877,54589,206132,76436,22396,5.84,18.89,71.33,26.45,7.75,0.86,0,0,0,0,0,0,0
South Africa,ZA,ZAF,Northern Cape,John Taolo Gaetsewe,43309,Gamagara,ZAF-43309-001,2023,49470,51356,2999,9701,36632,13584,3980,5.84,18.89,71.33,26.45,7.75,0.86,0,0,0,0,0,0,0
South Africa,ZA,ZAF,Northern Cape,John Taolo Gaetsewe,43309,Ga-Segonyana,ZAF-43309-002,2023,111322,115566,6749,21830,82433,30567,8956,5.84,18.89,71.33,26.45,7.75,0.86,0,0,0,0,0,0,0
South Africa,ZA,ZAF,Northern Cape,John Taolo Gaetsewe,43309,Joe Morolong,ZAF-43309-003,2023,106423,110481,6452,20870,78806,29222,8562,5.84,18.89,71.33,26.45,7.75,0.86,0,0,0,0,0,0,0
South Africa,ZA,ZAF,Northern Cape,Namakwa,43310,Hantam,ZAF-43310-001,2023,25775,25926,1514,4897,18493,6857,2009,5.84,18.89,71.33,26.45,7.75,0.86,0,0,0,0,0,0,0
South Africa,ZA,ZAF,Northern Cape,Namakwa,43310,Kamiesberg,ZAF-43310-002,2023,12109,12180,711,2301,8688,3222,944,5.84,18.89,71.33,26.45,7.75,0.86,0,0,0,0,0,0,0
South Africa,ZA,ZAF,Northern Cape,Namakwa,43310,Karoo Hoogland,ZAF-43310-003,2023,14860,14947,873,2823,10662,3953,1158,5.84,18.89,71.33,26.45,7.75,0.86,0,0,0,0,0,0,0
South Africa,ZA,ZAF,Northern Cape,Namakwa,43310,Kh+oi-Ma,ZAF-43310-004,2023,14794,14881,869,2811,10615,3936,1153,5.84,18.89,71.33,26.45,7.75,0.86,0,0,0,0,0,0,0
South Africa,ZA,ZAF,Northern Cape,Namakwa,43310,Nama Khoi,ZAF-43310-005,2023,55917,56245,3285,10625,40120,14877,4359,5.84,18.89,71.33,26.45,7.75,0.86,0,0,0,0,0,0,0
South Africa,ZA,ZAF,Northern Cape,Namakwa,43310,Richtersveld,ZAF-43310-006,2023,14242,14326,837,2706,10219,3789,1110,5.84,18.89,71.33,26.45,7.75,0.86,0,0,0,0,0,0,0
South Africa,ZA,ZAF,Northern Cape,Pixley ka Seme,43311,Emthanjeni,ZAF-43311-001,2023,50348,50867,2971,9609,36283,13454,3942,5.84,18.89,71.33,26.45,7.75,0.86,0,0,0,0,0,0,0
South Africa,ZA,ZAF,Northern Cape,Pixley ka Seme,43311,Kareeberg,ZAF-43311-002,2023,13876,14019,819,2648,10000,3708,1086,5.84,18.89,71.33,26.45,7.75,0.86,0,0,0,0,0,0,0
South Africa,ZA,ZAF,Northern Cape,Pixley ka Seme,43311,Renosterberg,ZAF-43311-003,2023,13049,13183,770,2490,9403,3487,1022,5.84,18.89,71.33,26.45,7.75,0.86,0,0,0,0,0,0,0
South Africa,ZA,ZAF,Northern Cape,Pixley ka Seme,43311,Siyancuma,ZAF-43311-004,2023,44072,44526,2600,8411,31760,11777,3451,5.84,18.89,71.33,26.45,7.75,0.86,0,0,0,0,0,0,0
South Africa,ZA,ZAF,Northern Cape,Pixley ka Seme,43311,Siyathemba,ZAF-43311-005,2023,25665,25929,1514,4898,18495,6858,2009,5.84,18.89,71.33,26.45,7.75,0.86,0,0,0,0,0,0,0
South Africa,ZA,ZAF,Northern Cape,Pixley ka Seme,43311,Thembelihle,ZAF-43311-006,2023,18663,18855,1101,3562,13449,4987,1461,5.84,18.89,71.33,26.45,7.75,0.86,0,0,0,0,0,0,0
South Africa,ZA,ZAF,Northern Cape,Pixley ka Seme,43311,Ubuntu,ZAF-43311-007,2023,22110,22338,1305,4220,15934,5908,1731,5.84,18.89,71.33,26.45,7.75,0.86,0,0,0,0,0,0,0
South Africa,ZA,ZAF,Northern Cape,Pixley ka Seme,43311,Umsobomvu,ZAF-43311-008,2023,33730,34077,1990,6437,24307,9013,2641,5.84,18.89,71.33,26.45,7.75,0.86,0,0,0,0,0,0,0
South Africa,ZA,ZAF,Northern Cape,ZF Mgcawu,43312,!Kheis,ZAF-43312-001,2023,19776,20537,1199,3879,14649,5432,1592,5.84,18.89,71.33,26.45,7.75,0.86,0,0,0,0,0,0,0
South Africa,ZA,ZAF,Northern Cape,ZF Mgcawu,43312,Dawid Kruiper,ZAF-43312-002,2023,119460,124059,7245,23435,88491,32814,9615,5.84,18.89,71.33,26.45,7.75,0.86,0,0,0,0,0,0,0
South Africa,ZA,ZAF,Northern Cape,ZF Mgcawu,43312,Kai !Garib,ZAF-43312-003,2023,78298,81312,4749,15360,58000,21507,6302,5.84,18.89,71.33,26.45,7.75,0.86,0,0,0,0,0,0,0
South Africa,ZA,ZAF,Northern Cape,ZF Mgcawu,43312,Kgatelopele,ZAF-43312-004,2023,22213,23068,1347,4358,16454,6101,1788,5.84,18.89,71.33,26.45,7.75,0.86,0,0,0,0,0,0,0
South Africa,ZA,ZAF,Northern Cape,ZF Mgcawu,43312,Tsantsabane,ZAF-43312-005,2023,41714,43320,2530,8183,30900,11458,3357,5.84,18.89,71.33,26.45,7.75,0.86,0,0,0,0,0,0,0
South Africa,ZA,ZAF,Western Cape,Cape Winelands,43314,Breede Valley,ZAF-43314-001,2023,198302,208574,12181,39400,148776,55168,16164,5.84,18.89,71.33,26.45,7.75,0.86,0,0,0,0,0,0,0
South Africa,ZA,ZAF,Western Cape,Cape Winelands,43314,Drakenstein,ZAF-43314-002,2023,298672,314143,18346,59342,224078,83091,24346,5.84,18.89,71.33,26.45,7.75,0.86,0,0,0,0,0,0,0
South Africa,ZA,ZAF,Western Cape,Cape Winelands,43314,Langeberg,ZAF-43314-003,2023,116163,122180,7135,23080,87151,32317,9469,5.84,18.89,71.33,26.45,7.75,0.86,0,0,0,0,0,0,0
South Africa,ZA,ZAF,Western Cape,Cape Winelands,43314,Stellenbosch,ZAF-43314-004,2023,185112,194701,11371,36779,138880,51498,15089,5.84,18.89,71.33,26.45,7.75,0.86,0,0,0,0,0,0,0
South Africa,ZA,ZAF,Western Cape,Cape Winelands,43314,Witzenberg,ZAF-43314-005,2023,137823,144962,8466,27383,103401,38342,11235,5.84,18.89,71.33,26.45,7.75,0.86,0,0,0,0,0,0,0
South Africa,ZA,ZAF,Western Cape,Central Karoo,43315,Beaufort West,ZAF-43315-001,2023,58943,59649,3484,11268,42548,15777,4623,5.84,18.89,71.33,26.45,7.75,0.86,0,0,0,0,0,0,0
South Africa,ZA,ZAF,Western Cape,Central Karoo,43315,Laingsburg,ZAF-43315-002,2023,9853,9971,582,1884,7112,2637,773,5.84,18.89,71.33,26.45,7.75,0.86,0,0,0,0,0,0,0
South Africa,ZA,ZAF,Western Cape,Central Karoo,43315,Prince Albert,ZAF-43315-003,2023,15615,15802,923,2985,11272,4180,1225,5.84,18.89,71.33,26.45,7.75,0.86,0,0,0,0,0,0,0
South Africa,ZA,ZAF,Western Cape,Cape Town,43313,City of Cape Town,ZAF-43313-001,2023,4445721,4657503,271998,879802,3322197,1231910,360956,5.84,18.89,71.33,26.45,7.75,0.86,0,0,0,0,0,0,0
South Africa,ZA,ZAF,Western Cape,Eden,43316,Bitou,ZAF-43316-001,2023,58438,60368,3525,11404,43060,15967,4679,5.84,18.89,71.33,26.45,7.75,0.86,0,0,0,0,0,0,0
South Africa,ZA,ZAF,Western Cape,Eden,43316,George,ZAF-43316-002,2023,230216,237820,13889,44924,169637,62903,18431,5.84,18.89,71.33,26.45,7.75,0.86,0,0,0,0,0,0,0
South Africa,ZA,ZAF,Western Cape,Eden,43316,Hessequa,ZAF-43316-003,2023,62575,64642,3775,12211,46109,17098,5010,5.84,18.89,71.33,26.45,7.75,0.86,0,0,0,0,0,0,0
South Africa,ZA,ZAF,Western Cape,Eden,43316,Kannaland,ZAF-43316-004,2023,29440,30412,1776,5745,21693,8044,2357,5.84,18.89,71.33,26.45,7.75,0.86,0,0,0,0,0,0,0
South Africa,ZA,ZAF,Western Cape,Eden,43316,Knysna,ZAF-43316-005,2023,81614,84310,4924,15926,60138,22300,6534,5.84,18.89,71.33,26.45,7.75,0.86,0,0,0,0,0,0,0
South Africa,ZA,ZAF,Western Cape,Eden,43316,Mossel Bay,ZAF-43316-006,2023,106304,109815,6413,20744,78331,29046,8511,5.84,18.89,71.33,26.45,7.75,0.86,0,0,0,0,0,0,0
South Africa,ZA,ZAF,Western Cape,Eden,43316,Oudtshoorn,ZAF-43316-007,2023,114034,117801,6880,22253,84027,31158,9130,5.84,18.89,71.33,26.45,7.75,0.86,0,0,0,0,0,0,0
South Africa,ZA,ZAF,Western Cape,Overberg,43317,Cape Agulhas,ZAF-43317-001,2023,39271,42602,2488,8048,30388,11268,3302,5.84,18.89,71.33,26.45,7.75,0.86,0,0,0,0,0,0,0
South Africa,ZA,ZAF,Western Cape,Overberg,43317,Overstrand,ZAF-43317-002,2023,95521,103623,6052,19574,73914,27408,8031,5.84,18.89,71.33,26.45,7.75,0.86,0,0,0,0,0,0,0
South Africa,ZA,ZAF,Western Cape,Overberg,43317,Swellendam,ZAF-43317-003,2023,42693,46314,2705,8749,33036,12250,3589,5.84,18.89,71.33,26.45,7.75,0.86,0,0,0,0,0,0,0
South Africa,ZA,ZAF,Western Cape,Overberg,43317,Theewaterskloof,ZAF-43317-004,2023,129406,140382,8198,26518,100134,37131,10880,5.84,18.89,71.33,26.45,7.75,0.86,0,0,0,0,0,0,0
South Africa,ZA,ZAF,Western Cape,West Coast,43318,Bergrivier,ZAF-43318-001,2023,73576,80544,4704,15215,57452,21304,6242,5.84,18.89,71.33,26.45,7.75,0.86,0,0,0,0,0,0,0
South Africa,ZA,ZAF,Western Cape,West Coast,43318,Cederberg,ZAF-43318-002,2023,59159,64762,3782,12234,46195,17130,5019,5.84,18.89,71.33,26.45,7.75,0.86,0,0,0,0,0,0,0
South Africa,ZA,ZAF,Western Cape,West Coast,43318,Matzikama,ZAF-43318-003,2023,79817,87376,5103,16505,62325,23111,6772,5.84,18.89,71.33,26.45,7.75,0.86,0,0,0,0,0,0,0
South Africa,ZA,ZAF,Western Cape,West Coast,43318,Saldanha Bay,ZAF-43318-004,2023,117909,129076,7538,24382,92070,34141,10003,5.84,18.89,71.33,26.45,7.75,0.86,0,0,0,0,0,0,0
South Africa,ZA,ZAF,Western Cape,West Coast,43318,Swartland,ZAF-43318-005,2023,135227,148034,8645,27964,105593,39155,11473,5.84,18.89,71.33,26.45,7.75,0.86,0,0,0,0,0,0,0
